{
    "version": 8,
    "name": "The Happy Map",
    "metadata": {
        "mapbox:sdk-support": {
            "js": "0.49.0",
            "android": "6.5.0",
            "ios": "4.4.0"
        },
        "mapbox:trackposition": true,
        "mapbox:groups": {
            "4cd21c65e98d55ee7a331a7cc08773fb": {
                "name": "HappyPlanetIndex",
                "collapsed": false
            },
            "74ba82f7974afdb25dac0eb0aa816471": {
                "name": "HPI_Patterns",
                "collapsed": false
            },
            "5dcb45d90f3a834241309aec99041e69": {
                "name": "Water label",
                "collapsed": true
            },
            "3a0aa18c08026c58ff3884e256c49a15": {
                "name": "Water",
                "collapsed": true
            },
            "998c1d99148db5c32faa4352d198236b": {
                "name": "Country labels",
                "collapsed": true
            },
            "ff17256373335e325f60d69e1b730463": {
                "name": "Borders",
                "collapsed": true
            },
            "0deb8e0da15c00cad0f450c7f8fbad61": {
                "name": "Donuts",
                "collapsed": false
            }
        }
    },
    "center": [-5.935031154187641, 32.44711394744874],
    "zoom": 2.935101863653582,
    "bearing": 0,
    "pitch": 0,
    "light": {"color": "hsl(0, 0%, 100%)"},
    "sources": {
        "composite": {
            "url": "mapbox://mapbox.mapbox-streets-v7",
            "type": "vector"
        },
        "mapbox://mapbox.9vy4ivqk": {
            "url": "mapbox://mapbox.9vy4ivqk",
            "type": "vector"
        },
        "mapbox://mapbox.0ew8g34e": {
            "url": "mapbox://mapbox.0ew8g34e",
            "type": "vector"
        }
    },
    "sprite": "mapbox://sprites/appsatmapboxcom/cjn3gdphy12pq2so7q4e94595",
    "glyphs": "mapbox://fonts/appsatmapboxcom/{fontstack}/{range}.pbf",
    "layers": [
        {
            "id": "background",
            "type": "background",
            "layout": {},
            "paint": {"background-color": "hsl(170, 43%, 63%)"}
        },
        {
            "id": "HappyPlanetRank",
            "type": "fill",
            "metadata": {"mapbox:group": "4cd21c65e98d55ee7a331a7cc08773fb"},
            "source": "mapbox://mapbox.0ew8g34e",
            "source-layer": "HPI_2016_new-7yglcq",
            "minzoom": 2,
            "filter": ["has", "HPI_HPI Rank"],
            "layout": {},
            "paint": {
                "fill-outline-color": "hsla(0, 0%, 0%, 0)",
                "fill-color": [
                    "interpolate",
                    ["exponential", 1],
                    ["get", "HPI_HPI Rank"],
                    1,
                    "hsl(358, 100%, 67%)",
                    55,
                    "hsl(344, 84%, 80%)",
                    140,
                    "hsl(343, 59%, 94%)"
                ]
            }
        },
        {
            "id": "border-national",
            "type": "line",
            "metadata": {"mapbox:group": "ff17256373335e325f60d69e1b730463"},
            "source": "composite",
            "source-layer": "admin",
            "minzoom": 1,
            "filter": [
                "all",
                ["==", "admin_level", 2],
                ["==", "disputed", 0],
                ["==", "maritime", 0]
            ],
            "layout": {"line-join": "round", "line-cap": "round"},
            "paint": {
                "line-color": "hsl(62, 100%, 54%)",
                "line-width": [
                    "interpolate",
                    ["exponential", 1],
                    ["zoom"],
                    3,
                    0.5,
                    10,
                    2
                ]
            }
        },
        {
            "id": "border-national-dispute",
            "type": "line",
            "metadata": {"mapbox:group": "ff17256373335e325f60d69e1b730463"},
            "source": "composite",
            "source-layer": "admin",
            "minzoom": 1,
            "filter": [
                "all",
                ["==", "admin_level", 2],
                ["==", "disputed", 1],
                ["==", "maritime", 0]
            ],
            "layout": {"line-join": "round"},
            "paint": {
                "line-dasharray": [1.5, 1.5],
                "line-color": "hsl(62, 100%, 54%)",
                "line-width": [
                    "interpolate",
                    ["exponential", 1],
                    ["zoom"],
                    3,
                    0.5,
                    10,
                    2
                ]
            }
        },
        {
            "id": "water",
            "type": "fill",
            "metadata": {"mapbox:group": "3a0aa18c08026c58ff3884e256c49a15"},
            "source": "composite",
            "source-layer": "water",
            "layout": {},
            "paint": {"fill-color": "hsl(50, 97%, 51%)"}
        },
        {
            "id": "waterways",
            "type": "line",
            "metadata": {"mapbox:group": "3a0aa18c08026c58ff3884e256c49a15"},
            "source": "composite",
            "source-layer": "waterway",
            "minzoom": 8,
            "layout": {
                "line-cap": ["step", ["zoom"], "butt", 11, "round"],
                "line-join": "round"
            },
            "paint": {
                "line-color": "#fbd308",
                "line-width": [
                    "interpolate",
                    ["exponential", 1.3],
                    ["zoom"],
                    8.5,
                    0.1,
                    20,
                    8
                ],
                "line-opacity": [
                    "interpolate",
                    ["exponential", 1],
                    ["zoom"],
                    8,
                    0,
                    8.5,
                    1
                ]
            }
        },
        {
            "id": "waterway-label",
            "type": "symbol",
            "metadata": {"mapbox:group": "5dcb45d90f3a834241309aec99041e69"},
            "source": "composite",
            "source-layer": "waterway_label",
            "minzoom": 12,
            "filter": ["in", "class", "canal", "river"],
            "layout": {
                "text-field": ["to-string", ["get", "name_en"]],
                "text-font": ["Homer Simpson Revised Regular"],
                "symbol-placement": "line",
                "text-max-angle": 30,
                "text-size": [
                    "interpolate",
                    ["exponential", 1],
                    ["zoom"],
                    13,
                    12,
                    18,
                    16
                ]
            },
            "paint": {"text-color": "#006b66"}
        },
        {
            "id": "water-label",
            "type": "symbol",
            "metadata": {"mapbox:group": "5dcb45d90f3a834241309aec99041e69"},
            "source": "composite",
            "source-layer": "water_label",
            "minzoom": 5,
            "filter": [">", "area", 10000],
            "layout": {
                "text-field": ["to-string", ["get", "name_en"]],
                "text-font": ["Homer Simpson Revised Regular"],
                "text-max-width": 7,
                "text-size": [
                    "interpolate",
                    ["exponential", 1],
                    ["zoom"],
                    13,
                    14,
                    18,
                    18
                ],
                "symbol-avoid-edges": false,
                "text-rotation-alignment": "viewport"
            },
            "paint": {"text-color": "#006b66"}
        },
        {
            "id": "marine-line-small",
            "type": "symbol",
            "metadata": {"mapbox:group": "5dcb45d90f3a834241309aec99041e69"},
            "source": "composite",
            "source-layer": "marine_label",
            "minzoom": 3,
            "maxzoom": 10,
            "filter": [
                "all",
                ["==", "$type", "LineString"],
                [">=", "labelrank", 4]
            ],
            "layout": {
                "text-line-height": 1.3,
                "text-size": [
                    "interpolate",
                    ["exponential", 1],
                    ["zoom"],
                    3,
                    13,
                    6,
                    16
                ],
                "symbol-spacing": [
                    "interpolate",
                    ["exponential", 1],
                    ["zoom"],
                    4,
                    100,
                    6,
                    400
                ],
                "text-font": ["Homer Simpson Revised Regular"],
                "symbol-placement": "line",
                "text-field": ["to-string", ["get", "name_en"]],
                "text-letter-spacing": 0.1,
                "text-max-width": 5
            },
            "paint": {
                "text-color": "#006b66",
                "text-halo-color": "hsla(0, 0%, 100%, 0.5)",
                "text-halo-width": 2
            }
        },
        {
            "id": "marine-point-small",
            "type": "symbol",
            "metadata": {"mapbox:group": "5dcb45d90f3a834241309aec99041e69"},
            "source": "composite",
            "source-layer": "marine_label",
            "minzoom": 3,
            "maxzoom": 10,
            "filter": ["all", ["==", "$type", "Point"], [">=", "labelrank", 4]],
            "layout": {
                "text-field": ["to-string", ["get", "name_en"]],
                "text-max-width": 5,
                "text-letter-spacing": 0.1,
                "text-line-height": 1.3,
                "text-font": ["Homer Simpson Revised Regular"],
                "text-size": [
                    "interpolate",
                    ["exponential", 1],
                    ["zoom"],
                    3,
                    13,
                    6,
                    16
                ]
            },
            "paint": {
                "text-color": "#006b66",
                "text-halo-color": "hsla(0, 0%, 100%, 0.5)",
                "text-halo-width": 2
            }
        },
        {
            "id": "marine-line-medium",
            "type": "symbol",
            "metadata": {"mapbox:group": "5dcb45d90f3a834241309aec99041e69"},
            "source": "composite",
            "source-layer": "marine_label",
            "minzoom": 2,
            "maxzoom": 8,
            "filter": [
                "all",
                ["==", "$type", "LineString"],
                ["in", "labelrank", 2, 3]
            ],
            "layout": {
                "text-line-height": 1.3,
                "text-size": [
                    "interpolate",
                    ["exponential", 1.25],
                    ["zoom"],
                    2,
                    14,
                    5,
                    20
                ],
                "symbol-spacing": 250,
                "text-font": ["Homer Simpson Revised Regular"],
                "symbol-placement": "line",
                "text-field": ["to-string", ["get", "name_en"]],
                "text-letter-spacing": 0.15,
                "text-max-width": 5
            },
            "paint": {
                "text-color": "#006b66",
                "text-halo-color": "hsla(0, 0%, 100%, 0.5)",
                "text-halo-width": 2
            }
        },
        {
            "id": "marine-point-medium",
            "type": "symbol",
            "metadata": {"mapbox:group": "5dcb45d90f3a834241309aec99041e69"},
            "source": "composite",
            "source-layer": "marine_label",
            "minzoom": 2,
            "maxzoom": 8,
            "filter": [
                "all",
                ["==", "$type", "Point"],
                ["in", "labelrank", 2, 3]
            ],
            "layout": {
                "text-field": ["to-string", ["get", "name_en"]],
                "text-max-width": 5,
                "text-letter-spacing": 0.15,
                "text-line-height": 1.3,
                "text-font": ["Homer Simpson Revised Regular"],
                "text-size": [
                    "interpolate",
                    ["exponential", 1.25],
                    ["zoom"],
                    2,
                    14,
                    5,
                    20
                ]
            },
            "paint": {
                "text-color": "#006b66",
                "text-halo-color": "hsla(0, 0%, 100%, 0.5)",
                "text-halo-width": 2
            }
        },
        {
            "id": "marine-line-large",
            "type": "symbol",
            "metadata": {"mapbox:group": "5dcb45d90f3a834241309aec99041e69"},
            "source": "composite",
            "source-layer": "marine_label",
            "minzoom": 1,
            "maxzoom": 5,
            "filter": [
                "all",
                ["==", "$type", "LineString"],
                ["==", "labelrank", 1]
            ],
            "layout": {
                "text-line-height": 1.3,
                "text-size": [
                    "interpolate",
                    ["exponential", 1],
                    ["zoom"],
                    1,
                    15,
                    4,
                    28
                ],
                "text-font": ["Homer Simpson Revised Regular"],
                "text-max-width": 4,
                "text-field": ["to-string", ["get", "name_en"]],
                "text-letter-spacing": 0.25,
                "symbol-placement": "line"
            },
            "paint": {
                "text-color": "#006b66",
                "text-halo-color": "hsla(0, 0%, 100%, 0.5)",
                "text-halo-width": 2
            }
        },
        {
            "id": "marine-point-large",
            "type": "symbol",
            "metadata": {"mapbox:group": "5dcb45d90f3a834241309aec99041e69"},
            "source": "composite",
            "source-layer": "marine_label",
            "minzoom": 1,
            "maxzoom": 5,
            "filter": ["all", ["==", "$type", "Point"], ["==", "labelrank", 1]],
            "layout": {
                "text-field": ["to-string", ["get", "name_en"]],
                "text-max-width": 4,
                "text-letter-spacing": 0.25,
                "text-line-height": 1.3,
                "text-font": ["Homer Simpson Revised Regular"],
                "text-size": [
                    "interpolate",
                    ["exponential", 1],
                    ["zoom"],
                    1,
                    20,
                    4,
                    28
                ]
            },
            "paint": {
                "text-color": "#006b66",
                "text-halo-color": "hsla(0, 0%, 100%, 0.5)",
                "text-halo-width": 2
            }
        },
        {
            "id": "country-small",
            "type": "symbol",
            "metadata": {"mapbox:group": "998c1d99148db5c32faa4352d198236b"},
            "source": "composite",
            "source-layer": "country_label",
            "minzoom": 1,
            "maxzoom": 10,
            "filter": [">=", "scalerank", 5],
            "layout": {
                "text-field": ["to-string", ["get", "name_en"]],
                "text-max-width": 6,
                "text-font": ["Homer Simpson Revised Regular"],
                "text-size": [
                    "interpolate",
                    ["exponential", 1.25],
                    ["zoom"],
                    4,
                    13,
                    9,
                    24
                ],
                "text-letter-spacing": 0.1
            },
            "paint": {
                "text-halo-color": "hsla(0, 0%, 0%, 0.4)",
                "text-color": "hsl(177, 0%, 100%)",
                "text-halo-width": 2
            }
        },
        {
            "id": "country-medium",
            "type": "symbol",
            "metadata": {"mapbox:group": "998c1d99148db5c32faa4352d198236b"},
            "source": "composite",
            "source-layer": "country_label",
            "minzoom": 1,
            "maxzoom": 8,
            "filter": ["in", "scalerank", 3, 4],
            "layout": {
                "text-field": [
                    "step",
                    ["zoom"],
                    ["to-string", ["get", "code"]],
                    2,
                    ["to-string", ["get", "name_en"]]
                ],
                "text-max-width": 6,
                "text-font": ["Homer Simpson Revised Regular"],
                "text-size": [
                    "interpolate",
                    ["exponential", 1.25],
                    ["zoom"],
                    2,
                    13,
                    8,
                    26
                ],
                "text-letter-spacing": 0.1
            },
            "paint": {
                "text-halo-color": "hsla(0, 0%, 0%, 0.4)",
                "text-color": "hsl(177, 0%, 100%)",
                "text-halo-width": 2
            }
        },
        {
            "id": "country-large",
            "type": "symbol",
            "metadata": {"mapbox:group": "998c1d99148db5c32faa4352d198236b"},
            "source": "composite",
            "source-layer": "country_label",
            "minzoom": 1,
            "maxzoom": 7,
            "filter": ["in", "scalerank", 1, 2],
            "layout": {
                "text-field": ["to-string", ["get", "name_en"]],
                "text-max-width": [
                    "interpolate",
                    ["exponential", 1],
                    ["zoom"],
                    0,
                    5,
                    3,
                    6
                ],
                "text-font": ["Homer Simpson Revised Regular"],
                "text-size": [
                    "interpolate",
                    ["exponential", 1.25],
                    ["zoom"],
                    1,
                    18,
                    6,
                    28
                ],
                "text-letter-spacing": 0.2
            },
            "paint": {
                "text-halo-color": "hsla(0, 0%, 0%, 0.4)",
                "text-color": "hsl(177, 0%, 100%)",
                "text-halo-width": 2
            }
        },
        {
            "id": "hpi-centr-3nhhu5",
            "type": "symbol",
            "metadata": {"mapbox:group": "0deb8e0da15c00cad0f450c7f8fbad61"},
            "source": "mapbox://mapbox.9vy4ivqk",
            "source-layer": "HPI_centroids-6i0ydv",
            "layout": {
                "text-line-height": 1,
                "text-size": [
                    "interpolate",
                    ["exponential", 1.25],
                    ["zoom"],
                    1,
                    12,
                    5,
                    20
                ],
                "icon-offset": [0, 0],
                "icon-image": [
                    "case",
                    [">=", ["number", ["get", "HPI_Happ_1"]], 32.7],
                    "hpi_good",
                    ["<=", ["number", ["get", "HPI_Happ_1"]], 28.6],
                    "hpi_mid",
                    "hpi_poor"
                ],
                "text-font": ["Homer Simpson Revised Regular"],
                "icon-allow-overlap": true,
                "text-offset": [
                    "interpolate",
                    ["linear"],
                    ["zoom"],
                    0,
                    [
                        "interpolate",
                        ["linear"],
                        ["get", "HPI_Happ_1"],
                        12.8,
                        ["literal", [0, 0.25]],
                        44.7,
                        ["literal", [0, 3]]
                    ],
                    5,
                    [
                        "interpolate",
                        ["linear"],
                        ["get", "HPI_Happ_1"],
                        12.8,
                        ["literal", [0, 0.6]],
                        44.7,
                        ["literal", [0, 2]]
                    ]
                ],
                "icon-size": [
                    "interpolate",
                    ["linear"],
                    ["zoom"],
                    0,
                    [
                        "interpolate",
                        ["linear"],
                        ["get", "HPI_Happ_1"],
                        12.8,
                        0.06,
                        44.2,
                        0.5
                    ],
                    5,
                    [
                        "interpolate",
                        ["linear"],
                        ["get", "HPI_Happ_1"],
                        12.8,
                        0.12,
                        44.2,
                        0.8
                    ]
                ],
                "text-anchor": "top",
                "text-field": ["to-string", ["get", "ADMIN"]],
                "text-letter-spacing": 0.2,
                "icon-padding": 1,
                "text-max-width": [
                    "interpolate",
                    ["exponential", 1],
                    ["zoom"],
                    0,
                    5,
                    3,
                    6
                ]
            },
            "paint": {
                "icon-opacity": 1,
                "text-color": "hsl(177, 0%, 100%)",
                "text-halo-color": "hsla(0, 0%, 0%, 0.4)",
                "text-halo-width": 2
            }
        }
    ],
    "created": "2018-10-10T17:53:44.062Z",
    "id": "cjn3gdphy12pq2so7q4e94595",
    "modified": "2018-10-10T17:54:08.643Z",
    "owner": "appsatmapboxcom",
    "visibility": "public",
    "draft": false
}